<?xml version="1.0" encoding="UTF-8"?>
<project-private xmlns="http://www.netbeans.org/ns/project-private/1">
    <editor-bookmarks xmlns="http://www.netbeans.org/ns/editor-bookmarks/2" lastBookmarkId="0"/>
    <open-files xmlns="http://www.netbeans.org/ns/projectui-open-files/2">
        <group>
            <file>file:/C:/Users/aayus/Documents/NetBeansProjects/Create%20Account/test/create/account/CreateAccountTest.java</file>
            <file>file:/C:/Users/aayus/Documents/NetBeansProjects/Create%20Account/src/create/account/Message.java</file>
            <file>file:/C:/Users/aayus/Documents/NetBeansProjects/Create%20Account/.gitignore</file>
            <file>file:/C:/Users/aayus/Documents/NetBeansProjects/Create%20Account/src/create/account/CreateAccount.java</file>
            <file>file:/C:/Users/aayus/Documents/NetBeansProjects/Create%20Account/test/create/account/MessageTest.java</file>
        </group>
    </open-files>
</project-private>
